LicenseNumber,FacilityName,DBA,FacilityType,City,ZipCode,DateUpdated
402R-00004,JGB VENTURES LLC,DANK,Retail Marijuana Store,Denver,80207,2020-12-01
402R-00005,CANOSA PROPERTY INVESTMENTS LLC,BOTANICO 2,Retail Marijuana Store,Denver,80204,2020-12-01
402R-00002,CENTRAL LLC,BONFIRE CANNABIS,Retail Marijuana Store,Central City,80427,2020-12-01
402R-00003,5110 SANCTUARY LLC,EVERBLOOM,Retail Marijuana Store,Denver,80216,2020-12-01
402R-00007,L3ASTOCKCOMPLEX LLC,EUFLORA,Retail Marijuana Store,Denver,80216,2020-12-01
402R-00006,CONCENTRATE LLC,WOLF PAC CANNABIS,Retail Marijuana Store,Denver,80219,2020-12-01
402R-00011,MILE HIGH THERAPEUTIC NETWORK LLC,ALTITUDE WEST,Retail Marijuana Store,Denver,80219,2020-12-01
402R-00010,4095 SHELTER LLC,EVERBLOOM,Retail Marijuana Store,Denver,80216,2020-12-01
402R-00012,DGS INC,THE KIND ROOM,Retail Marijuana Store,Denver,80210,2020-12-01
402R-00013,ALTERNATIVE MEDICINE ON CAPITOL HILL LLC,,Retail Marijuana Store,Denver,80218,2020-12-01
402R-00017,MAYFLOWER GROUP LLC,THE HEALTH CENTER,Retail Marijuana Store,Denver,80218,2020-12-01
402R-00019,PI ARAPAHOE LLC,LOVA ARAPAHOE,Retail Marijuana Store,Denver,80205,2020-12-01
402R-00016,THE GREEN SOLUTION LLC,,Retail Marijuana Store,Denver,80219,2020-12-01
402R-00014,THE GREEN SOLUTION LLC,,Retail Marijuana Store,Northglenn,80233,2020-12-01
402R-00015,THE GREEN SOLUTION LLC,,Retail Marijuana Store,Denver,80216,2020-12-01
402R-00020,NUTRITIONAL ELEMENTS LLC,THE HEALTH CENTER,Retail Marijuana Store,Denver,80222,2020-12-01
402R-00021,COLORADO HEALTH CONSULTANTS LLC,STARBUDS,Retail Marijuana Store,Denver,80216,2020-12-01
402R-00022,CITI-MED LLC,STARBUDS,Retail Marijuana Store,Denver,80210,2020-12-01
402R-00024,TREATMENTS UNLIMITED LLC,ALTITUDE EAST,Retail Marijuana Store,Denver,80224,2020-12-01
402R-00026,DKC LLC,DENVER KUSH CLUB,Retail Marijuana Store,Denver,80205,2020-12-01
402R-00027,ALTERNATIVE MEDICINE ON THE MALL LLC,NATIVE ROOTS SPEER,Retail Marijuana Store,Denver,80203,2020-12-01
402R-00031,SWEETWATER PARTNERS LLC,GOOD CHEMISTRY,Retail Marijuana Store,Denver,80203,2020-12-01
402R-00032,SWEETWATER PARTNERS LLC,GOOD CHEMISTRY,Retail Marijuana Store,Denver,80210,2020-12-01
402R-00033,CHOICE ORGANICS INC,,Retail Marijuana Store,Fort Collins,80524,2020-12-01
402R-00034,FUTUREVISION LTD,MEDICINE MAN,Retail Marijuana Store,Denver,80239,2020-12-01
402R-00030,NATURES CURE III LLC,THE COLFAX POT SHOP,Retail Marijuana Store,Denver,80218,2020-12-01
402R-00035,IDAHO SPRINGS LLC,BONFIRE CANNABIS,Retail Marijuana Store,Idaho Springs,80452,2020-12-01
402R-00037,LIGHTSHADE LABS LLC,LIGHTSHADE,Retail Marijuana Store,Denver,80222,2020-12-01
402R-00038,DP RETAIL 101 LLC,GREEN DRAGON COLORADO,Retail Marijuana Store,Denver,80223,2020-12-01
402R-00039,DOCTORS ORDERS LLC,DOCTORS ORDERS,Retail Marijuana Store,Denver,80211,2020-12-01
402R-00040,ASCEND II LLC,ASCEND II,Retail Marijuana Store,Denver,80237,2020-12-01
402R-00041,URBAN CANNABIS II LLC,HEALING HOUSE ,Retail Marijuana Store,Denver,80210,2020-12-01
402R-00042,HIGHLANDS WELLNESS CENTER LLC,THE CLINIC HIGHLANDS,Retail Marijuana Store,Denver,80211,2020-12-01
402R-00043,PIONEER INTERESTS SHERIDAN LLC,LOVA EDGEWATER,Retail Marijuana Store,Edgewater,80214,2020-12-01
402R-00044,RD INDUSTRIES II LLC,HOUSE OF DANKNESS,Retail Marijuana Store,Denver,80239,2020-12-01
402R-00045,MILE HIGH MEDICAL CANNABIS LLC,LIT,Retail Marijuana Store,Denver,80204,2020-12-01
402R-00047,4625 E COLFAX LLC,THE CLINIC ON COLFAX,Retail Marijuana Store,Denver,80220,2020-12-01
402R-00048,2251SB LLC,APOTHECARY FARMS,Retail Marijuana Store,Denver,80210,2020-12-01
402R-00049,RJJ MORRISON II LLC,NATIVE ROOTS COLORADO BLVD,Retail Marijuana Store,Denver,80246,2020-12-01
402R-00050,BUD MED HEALTH CENTERS LLC,LIVE GREEN CANNABIS,Retail Marijuana Store,Edgewater,80214,2020-12-01
402R-00052,NATURES HERBS & WELLNESS CENTER,NATURES HERBS & WELLNESS CENTER,Retail Marijuana Store,Garden City,80631,2020-12-01
402R-00053,BOTANICO INC,,Retail Marijuana Store,Denver,80205,2020-12-01
402R-00054,DJR COLORADO LLC,HIGH LEVEL HEALTH,Retail Marijuana Store,Denver,80202,2020-12-01
402R-00055,A CUT OFF THE TOP MEDICAL MARIJUANA LLC,,Retail Marijuana Store,Denver,80204,2020-12-01
402R-00056,JS INVESTMENTS LLC,EUFLORA,Retail Marijuana Store,Denver,80202,2020-12-01
402R-00058,MILE HIGH MEDICAL CANNABIS LLC,LIT,Retail Marijuana Store,Denver,80210,2020-12-01
402R-00046,DP RETAIL 112 LLC,GREEN DRAGON COLORADO,Retail Marijuana Store,Denver,80220,2020-12-01
402R-00060,DENCO LLC,,Retail Marijuana Store,Denver,80216,2020-12-01
402R-00062,GOLDEN MEDS MERGERCO LLC,GOLDEN MEDS,Retail Marijuana Store,Denver,80239,2020-12-01
402R-00063,MARISOL THERAPEUTICS LLC,,Retail Marijuana Store,Pueblo West,81007,2020-12-01
402R-00064,BELLFLOWER LLC,ORGANIX,Retail Marijuana Store,Breckenridge,80424,2020-12-01
402R-00065,SERENE WELLNESS LLC,,Retail Marijuana Store,Empire,80438,2020-12-01
402R-00066,URBAN CANNABIS II LLC,GREEN GRASS,Retail Marijuana Store,Central City,80427,2020-12-01
402R-00070,COMPASSIONATE CARE GIVERS INC,ROCKY MOUNTAIN HIGH,Retail Marijuana Store,Denver,80202,2020-12-01
402R-00071,KAZIMER LLC,ROCKY MOUNTAIN  HIGH,Retail Marijuana Store,Denver,80216,2020-12-01
402R-00068,COMPASSIONATE CARE GIVERS INC,CANNABIS STATION,Retail Marijuana Store,Denver,80202,2020-12-01
402R-00069,COMPASSIONATE CARE GIVERS INC,ROCKY MOUNTAIN HIGH,Retail Marijuana Store,Denver,80223,2020-12-01
402R-00780,THE GREEN SOLUTION LLC,,Retail Marijuana Store,Aspen,81611,2020-12-01
402R-00072,CMED LLC,ROCKY MOUNTAIN HIGH,Retail Marijuana Store,Carbondale,81623,2020-12-01
402R-00078,HIGH COUNTRY SUPPLY LLC,COLORADO HARVEST COMPANY,Retail Marijuana Store,Denver,80210,2020-12-01
402R-00079,HOLLY MEDICINAL SERVICES LLC,THE CLINIC ON COLORADO ,Retail Marijuana Store,Denver,80222,2020-12-01
402R-00076,MAGNA MARKETING INC,HERBS 4 YOU,Retail Marijuana Store,Denver,80203,2020-12-01
402R-00077,HIGH COUNTRY SUPPLY LLC,COLORADO HARVEST COMPANY,Retail Marijuana Store,Denver,80223,2020-12-01
402R-00073,LIGHTSHADE LABS LLC,LIGHTSHADE,Retail Marijuana Store,Denver,80207,2020-12-01
402R-00075,BUD BUM LLC,BUD BUM,Retail Marijuana Store,Denver,80223,2020-12-01
402R-00074,BRECKENRIDGE INVESTMENTS LLC,ALPENGLOW,Retail Marijuana Store,Breckenridge,80424,2020-12-01
402R-00085,LIVWELL X LLC,LIVWELL,Retail Marijuana Store,Denver,80220,2020-12-01
402R-00086,DP RETAIL 115 LLC,GREEN DRAGON COLORADO,Retail Marijuana Store,Denver,80206,2020-12-01
402R-00081,1617 WAZEE STREET LLC,LODO WELLNESS CENTER,Retail Marijuana Store,Denver,80202,2020-12-01
402R-00082,DISCOUNT MEDICAL MARIJUANA LLC,HIGH LEVEL HEALTH,Retail Marijuana Store,Denver,80206,2020-12-01
402R-00083,DISCOUNT MEDICAL MARIJUANA LLC,HIGH LEVEL HEALTH,Retail Marijuana Store,Denver,80203,2020-12-01
402R-00084,DENVER DISPENSARY LLC,DENVER DISPENSARY,Retail Marijuana Store,Denver,80216,2020-12-01
402R-00087,TIMBERLINE HERBAL CLINIC AND WELLNESS CENTER LLC,TIMBERLINE HERBAL CLINIC AND WELLNESS CENTER LLC,Retail Marijuana Store,Denver,80216,2020-12-01
402R-00091,ALPINE WELLNESS LLC,ALPINE WELLNESS,Retail Marijuana Store,Telluride,81435,2020-12-01
402R-00092,HCH2 LLC,,Retail Marijuana Store,Alma,80420,2020-12-01
402R-00094,DP RETAIL 104 LLC,GREEN DRAGON COLORADO,Retail Marijuana Store,Edgewater,80214,2020-12-01
402R-00102,METRO CANNABIS INC,SILVER STEM FINE CANNABIS,Retail Marijuana Store,Denver,80220,2020-12-01
402R-00095,TZ FINANCIAL LLC,HIGH COUNTRY HEALING,Retail Marijuana Store,Silverthorne,80498,2020-12-01
402R-00096,E2T2 LLC,COOKIES BROADWAY,Retail Marijuana Store,Denver,80210,2020-12-01
402R-00098,MEDICINAL WELLNESS CENTER LLC,OASIS CANNABIS SUPERSTORE,Retail Marijuana Store,Mountain View,80212,2020-12-01
402R-00099,MEDICINAL WELLNESS CENTER LLC,OASIS CANNABIS SUPERSTORE,Retail Marijuana Store,Denver,80222,2020-12-01
402R-00100,WANNA LLC,NORTHERN LIGHTS CANNABIS CO,Retail Marijuana Store,Denver,80223,2020-12-01
402R-00101,SOLACE MEDS BROADWAY LLC,,Retail Marijuana Store,Denver,80210,2020-12-01
402R-00103,GANJA GOURMET LLC,GANJA GOURMET,Retail Marijuana Store,Denver,80210,2020-12-01
402R-00108,JEM DUTCH ACRES LLC,EARLS,Retail Marijuana Store,Leadville,80461,2020-12-01
402R-00104,DELTA-9 DELIGHTS LLC,REEFER MADNESS,Retail Marijuana Store,Denver,80216,2020-12-01
402R-00105,HG LTD,HIGHER GRADE,Retail Marijuana Store,Denver,80204,2020-12-01
402R-00106,LIGHTSHADE LABS LLC,LIGHTSHADE,Retail Marijuana Store,Denver,80247,2020-12-01
402R-00107,DP RETAIL 106 LLC,GREEN DRAGON COLORADO,Retail Marijuana Store,Breckenridge,80424,2020-12-01
402R-00121,GM SANTA FE LLC,GOLDEN MEDS,Retail Marijuana Store,Denver,80223,2020-12-01
402R-00111,GREEN KIWI 2 LLC,LIVWELL,Retail Marijuana Store,Denver,80249,2020-12-01
402R-00112,GREEN KIWI 2 LLC,LIVWELL,Retail Marijuana Store,Denver,80203,2020-12-01
402R-00113,THE GIVING TREE OF DENVER LLC,,Retail Marijuana Store,Denver,80211,2020-12-01
402R-00115,IGADI LTD,IGADI,Retail Marijuana Store,Idaho Springs,80452,2020-12-01
402R-00116,O LIMITED,SILVER STEM FINE CANNABIS,Retail Marijuana Store,Nederland,80466,2020-12-01
402R-00122,HIGH PLAINZ STRAINS II LLC,,Retail Marijuana Store,Garden City,80631,2020-12-01
402R-00123,PUEBLO WEST ORGANICS LLC,PUEBLO WEST ORGANICS,Retail Marijuana Store,Pueblo West,81007,2020-12-01
402R-00124,TUMBLEWEED FRISCO LLC,TUMBLEWEED FRISCO,Retail Marijuana Store,Frisco,80443,2020-12-01
402R-00125,RIVERROCK LLC,RIVERROCK,Retail Marijuana Store,Denver,80216,2020-12-01
402R-00126,CURE MEDICAL PHARM INC,RIVERROCK,Retail Marijuana Store,Denver,80204,2020-12-01
402R-00130,ALTITUDE WELLNESS CENTER LLC,NATURE'S HERBS AND WELLNESS DTC,Retail Marijuana Store,Denver,80231,2020-12-01
402R-00127,GATSBY HOLDINGS LLC,BILLO,Retail Marijuana Store,Steamboat Springs,80487,2020-12-01
402R-00131,GEORGE TOWN CANNABIS INC,ROCKY MOUNTAIN CANNABIS,Retail Marijuana Store,Georgetown,80444,2020-12-01
402R-00136,TUMBLEWEED STEAMBOAT LLC,RK ENTERPRISES ,Retail Marijuana Store,Steamboat Springs,80487,2020-12-01
402R-00132,BOTANACARE LLC,BGOOD,Retail Marijuana Store,Northglenn,80234,2020-12-01
402R-00133,SUMMIT WELLNESS,DEN REC DENVER RECREATIONAL DISPENSARY,Retail Marijuana Store,Denver,80205,2020-12-01
402R-00134,TELLURIDE GREEN ROOM LLC,TELLURIDE GREEN ROOM,Retail Marijuana Store,Telluride,81435,2020-12-01
402R-00135,JOIS LLC,SILVER STEM FINE CANNABIS,Retail Marijuana Store,Denver,80236,2020-12-01
402R-00137,SILVERPEAK CORP,THE DAB BY SILVERPEAK - ORIGINAL,Retail Marijuana Store,Denver,80219,2020-12-01
402R-00138,COLORADO PRODUCT SERVICES LLC,DOUBLE BLACK,Retail Marijuana Store,Carbondale,81623,2020-12-01
402R-00142,ARES STRATEGIES INC,TERRAPIN CARE STATION,Retail Marijuana Store,Denver,80203,2020-12-01
402R-00148,MAKENA UNLIMITED LLC,,Retail Marijuana Store,Denver,80210,2020-12-01
402R-00144,CO-AGRONOMICS LLC,THE GREEN DEPOT,Retail Marijuana Store,Denver,80210,2020-12-01
402R-00145,TRI CITY PARTNERS LLC,STRAWBERRY FIELDS,Retail Marijuana Store,Dumont,80436,2020-12-01
402R-00139,THE HERBAL CURE LLC,,Retail Marijuana Store,Denver,80209,2020-12-01
402R-00140,SILVERPEAK CORP,,Retail Marijuana Store,Aspen,81611,2020-12-01
402R-00146,PHYSICIAN PREFERRED PRODUCTS LLC,DOCS APOTHECARY,Retail Marijuana Store,Northglenn,80233,2020-12-01
402R-00149,NEW WORLD ALTERNATIVE HEALTHCARE LLC,TELLURIDE BUD COMPANY,Retail Marijuana Store,Telluride,81435,2020-12-01
402R-00153,SOLACE MEDS OF WHEAT RIDGE LLC,,Retail Marijuana Store,Wheat Ridge,80033,2020-12-01
402R-00147,SUNRISE SOLUTIONS,,Retail Marijuana Store,Bailey,80421,2020-12-01
402R-00150,FLOWER POWER BOTANICALS LLC,,Retail Marijuana Store,Fort Collins,80524,2020-12-01
402R-00151,ALTERNATIVE HOLISTIC HEALING LLC,ROCKY MOUNTAIN ORGANICS,Retail Marijuana Store,Black Hawk,80422,2020-12-01
402R-00154,MEDICAL MJ SUPPLY LLC,BEST COLORADO CANNABIS,Retail Marijuana Store,Wheat Ridge,80033,2020-12-01
402R-00152,GMC LLC,GREEN MAN CANNABIS,Retail Marijuana Store,Denver,80204,2020-12-01
402R-00157,COLORADO CANNABIS ASSOCIATES LLC,THE SPOT,Retail Marijuana Store,Pueblo West,81007,2020-12-01
402R-00159,EAGLE RIVER INVESTMENTS LLC,MEADOWS,Retail Marijuana Store,Denver,80210,2020-12-01
402R-00161,MOUNTAIN MEDICINALS INC,MOUNTAIN MEDICINALS RETAIL CENTER,Retail Marijuana Store,Idaho Springs,80452,2020-12-01
402R-00155,MOUNTAIN ANNIES LLC,,Retail Marijuana Store,Ridgway,81432,2020-12-01
402R-00167,DENVER PATIENTS GROUP LLC,LIVWELL,Retail Marijuana Store,Denver,80205,2020-12-01
402R-00168,LIVWELL III LLC,LIVWELL,Retail Marijuana Store,Denver,80223,2020-12-01
402R-00166,BEYOND BROADWAY LLC,LIVWELL,Retail Marijuana Store,Denver,80209,2020-12-01
402R-00160,ASPEN P & P LLC,EUFLORA,Retail Marijuana Store,Aspen,81611,2020-12-01
402R-00169,CANNABIS CARE WELLNESS CENTERS LLC,SMOKEYS,Retail Marijuana Store,Garden City,80631,2020-12-01
402R-00165,GM BROADWAY LLC,GOLDEN MEDS,Retail Marijuana Store,Denver,80210,2020-12-01
402R-00163,COLORADO FARMS INC,LIGHTSHADE,Retail Marijuana Store,Denver,80239,2020-12-01
402R-00164,GM BROADWAY LLC,GOLDEN MEDS,Retail Marijuana Store,Denver,80219,2020-12-01
402R-00170,PBVILLE LLC,FLOYD'S FINE CANNABIS,Retail Marijuana Store,Leadville,80461,2020-12-01
402R-00171,D AND C MEDICAL MARIJUANA LLC,GOLDEN LEAF,Retail Marijuana Store,Steamboat Springs,80487,2020-12-01
402R-00176,KARING KIND LLC,KARING KIND,Retail Marijuana Store,Boulder,80302,2020-12-01
402R-00177,STARBUDS ALAMEDA LLC,STARBUDS,Retail Marijuana Store,Pueblo West,81007,2020-12-01
402R-00179,COLORADO CANNABIS COMPANY LLC,PURE MARIJUANA DISPENSARY,Retail Marijuana Store,Edgewater,80214,2020-12-01
402R-00173,BOULDER RX LLC,NATIVE ROOTS BOULDER,Retail Marijuana Store,Boulder,80302,2020-12-01
402R-00174,DP RETAIL 105 LLC,GREEN DRAGON COLORADO,Retail Marijuana Store,Glenwood Springs,81601,2020-12-01
402R-00175,ARTEMIS STRATEGIES INC,TERRAPIN CARE STATION,Retail Marijuana Store,Boulder,80302,2020-12-01
402R-00180,DJR COLORADO LLC,HIGH LEVEL HEALTH,Retail Marijuana Store,Dumont,80436,2020-12-01
402R-00184,OPTIONS MEDICAL CENTER WR LLC,OPTIONS,Retail Marijuana Store,Wheat Ridge,80033,2020-12-01
402R-00186,SERENITY MOON WELLNESS CENTER LLC,FROSTED LEAF,Retail Marijuana Store,Denver,80209,2020-12-01
402R-00181,BRECKENRIDGE ORGANIC THERAPY LLC,,Retail Marijuana Store,Breckenridge,80424,2020-12-01
402R-00187,ALPINE HERBAL WELLNESS LLC,FROSTED LEAF,Retail Marijuana Store,Denver,80204,2020-12-01
402R-00188,ALPINE RAVEN INC,MAIKOH HOLISTICS,Retail Marijuana Store,Boulder,80304,2020-12-01
402R-00189,DP RETAIL 108 LLC,GREEN DRAGON COLORADO,Retail Marijuana Store,Glenwood Springs,81601,2020-12-01
402R-00192,FOX STREET WELLNESS LLC,FOX CANNABIS,Retail Marijuana Store,Denver,80216,2020-12-01
402R-00190,DP RETAIL 111 LLC,GREEN DRAGON COLORADO,Retail Marijuana Store,Boulder,80301,2020-12-01
402R-00193,FRESH BAKED LLC,FRESH BAKED ,Retail Marijuana Store,Boulder,80302,2020-12-01
402R-00199,OPTIONS MEDICAL CENTER WR LLC,OPTIONS,Retail Marijuana Store,Boulder,80303,2020-12-01
402R-00191,PG RETAIL I LLC,LACONTE'S CLONE BAR & DISPENSARY,Retail Marijuana Store,Denver,80216,2020-12-01
402R-00194,LIVWELL I LLC,LIVWELL,Retail Marijuana Store,Garden City,80631,2020-12-01
402R-00196,THE ORGANIC SEED LLC,CANNASSEUR,Retail Marijuana Store,Pueblo West,81007,2020-12-01
402R-00198,OPTIONS MEDICAL CENTER LLC,ELEMENTS,Retail Marijuana Store,Boulder,80303,2020-12-01
402R-00200,COLORADO KIND CARE LLC,THE VILLAGE GREEN SOCIETY,Retail Marijuana Store,Boulder,80302,2020-12-01
402R-00205,CRESTED BUTTE INVESTMENTS LLC,THE DISPENSARY,Retail Marijuana Store,Crested Butte,81224,2020-12-01
402R-00182,DELILAH LLC,DELILAH LLC,Retail Marijuana Store,Telluride,81435,2020-12-01
402R-00203,COMPASSIONATE PAIN MANAGEMENT LLC,AJOYA,Retail Marijuana Store,Louisville,80027,2020-12-01
402R-00208,SUSTAINABLE HEALTH LLC,14er HOLISTICS,Retail Marijuana Store,Boulder,80301,2020-12-01
402R-00207,L'EAGLE SERVICES LLC,L'EAGLE,Retail Marijuana Store,Denver,80223,2020-12-01
402R-00209,DP RETAIL 109 LLC,GREEN DRAGON COLORADO,Retail Marijuana Store,Aspen,81611,2020-12-01
402R-00210,SKINNY PINEAPPLE INC,THE FARM,Retail Marijuana Store,Boulder,80301,2020-12-01
402R-00215,HERBAL WELLNESS LLC,HERBAL WELLNESS LLC,Retail Marijuana Store,Lafayette,80026,2020-12-01
402R-00211,SWEET LEAF PIONEER LLC,,Retail Marijuana Store,Eagle,81631,2020-12-01
402R-00212,GREEN MEDICINE LLC,THE GREEN JOINT,Retail Marijuana Store,Glenwood Springs,81601,2020-12-01
402R-00214,STARBUDS LOUISVILLE LLC,STARBUDS,Retail Marijuana Store,Louisville,80027,2020-12-01
402R-00217,BEDDOR CLAUDE LLC,CHRONIC THERAPY,Retail Marijuana Store,Wheat Ridge,80215,2020-12-01
402R-00219,MAGGIES FARM LLC,MAGGIES FARM,Retail Marijuana Store,Pueblo West,81007,2020-12-01
402R-00220,ORGANIC ALTERNATIVES INC,ORGANIC ALTERNATIVES,Retail Marijuana Store,Fort Collins,80524,2020-12-01
402R-00221,J&R PARTNERS LLC,NATIVE ROOTS VAIL,Retail Marijuana Store,Avon,81620,2020-12-01
402R-00223,VENDING BY A & A LLC,NATURE'S OF SEDGWICK,Retail Marijuana Store,Sedgwick,80749,2020-12-01
402R-00224,PLATTE VALLEY DISPENSARY LLC,PLATTE VALLEY DISPENSARY,Retail Marijuana Store,Denver,80211,2020-12-01
402R-00226,ROCKY ROAD REMEDIES LLC,ROCKY ROAD VAIL,Retail Marijuana Store,Avon,81620,2020-12-01
402R-00228,PG RETAIL I LLC,BACKCOUNTRY CANNABIS COMPANY,Retail Marijuana Store,Crested Butte,81224,2020-12-01
402R-00222,WESTSIDE WELLNESS CENTER LLC,MAGGIES FARM ,Retail Marijuana Store,Pueblo,81006,2020-12-01
402R-00230,CANNABIS CORP,THE JOINT BY CANNABIS,Retail Marijuana Store,Denver,80212,2020-12-01
402R-00229,MAGGIES FARM LLC,MAGGIES FARM,Retail Marijuana Store,Manitou Springs,80829,2020-12-01
402R-00232,ACADEMY OF THE HEALING ARTS LLC,HIGH VALLEY RETAIL CANNABIS,Retail Marijuana Store,Moffat,81143,2020-12-01
402R-00235,LIVWELL VII LLC,LIVWELL,Retail Marijuana Store,Fort Collins,80524,2020-12-01
402R-00236,BBM ENTERPRISES LLC,HELPING HANDS CANNABIS,Retail Marijuana Store,Boulder,80302,2020-12-01
402R-00237,ABUNDANT HEALTH DENVER LLC,HERBAN UNDERGROUND,Retail Marijuana Store,Denver,80203,2020-12-01
402R-00218,GAS AND GRASS LLC,ROLLUP,Retail Marijuana Store,Denver,80216,2020-12-01
402R-00238,SOLACE MEDS COLFAX LLC,,Retail Marijuana Store,Denver,80220,2020-12-01
402R-00239,SOLACE MEDS LLC,,Retail Marijuana Store,Fort Collins,80525,2020-12-01
402R-00240,SERENITY MOON WELLNESS CENTER LLC,FROSTED LEAF,Retail Marijuana Store,Denver,80220,2020-12-01
402R-00241,PG RETAIL I LLC,NATURES MEDICINE,Retail Marijuana Store,Salida,81201,2020-12-01
402R-00243,DURANGO ORGANICS LLP,,Retail Marijuana Store,Durango,81303,2020-12-01
402R-00242,RFSCEV LLC,ROOTSRX,Retail Marijuana Store,Avon,81620,2020-12-01
402R-00248,SUN HOUSE SALIDA LLC,SUN HOUSE,Retail Marijuana Store,Salida,81201,2020-12-01
402R-00245,CCC INC,THE HAPPY CAMPER CANNABIS COMPANY,Retail Marijuana Store,Bailey,80421,2020-12-01
402R-00246,RFSCB LLC,ROOTSRX,Retail Marijuana Store,Basalt,81621,2020-12-01
402R-00247,DELANY & ASSOCIATES LLC,GOOD EARTH MEDS,Retail Marijuana Store,Pagosa Springs,81147,2020-12-01
402R-00251,SISSCO LLC,TRENCHTOWN,Retail Marijuana Store,Denver,80214,2020-12-01
402R-00252,LARSEN GROUP LLC,THE GREEN STOP,Retail Marijuana Store,Log Lane Village,80705,2020-12-01
402R-00253,SILVERPEAK CORP,THE DAB BY SILVERPEAK - DOWNTOWN,Retail Marijuana Store,Denver,80205,2020-12-01
402R-00249,GM INC,GREEN WORLD,Retail Marijuana Store,Fort Garland,81133,2020-12-01
402R-00255,ELITE ORGANICS LLC,ELITE ORGANICS ,Retail Marijuana Store,Fort Collins,80524,2020-12-01
402R-00261,ANIMAS HERBAL WELLNESS CENTER INC,PROHIBITION HERB,Retail Marijuana Store,Durango,81301,2020-12-01
402R-00259,RIFLE REMEDIES LLC,GREEN CROSS SILT,Retail Marijuana Store,Silt,81652,2020-12-01
402R-00262,SMOKING GUN LLC,SMOKINGUN APOTHECARY,Retail Marijuana Store,Glendale,80246,2020-12-01
402R-00263,J and J ENTERPRISES INC,PAGOSA THERAPEUTICS,Retail Marijuana Store,Pagosa Springs,81147,2020-12-01
402R-00264,KENDALL MOUNTAIN LLC,SILVERTON GREEN WORKS,Retail Marijuana Store,Silverton,81433,2020-12-01
402R-00271,TRINIDADS HIGHER CALLING U LLC,,Retail Marijuana Store,Trinidad,81082,2020-12-01
402R-00270,ROCKY MOUNTAIN BLISS INC,ROCKY MOUNTAIN CANNABIS,Retail Marijuana Store,Ridgway,81432,2020-12-01
402R-00267,STARBUDS AURORA LLC,STARBUDS ,Retail Marijuana Store,Aurora,80010,2020-12-01
402R-00269,APOGEE MANAGEMENT INC,TERRAPIN CARE STATION,Retail Marijuana Store,Aurora,80012,2020-12-01
402R-00275,SWEETWATER PARTNERS LLC,GOOD CHEMISTRY,Retail Marijuana Store,Aurora,80013,2020-12-01
402R-00303,THE GREEN SOLUTION LLC,,Retail Marijuana Store,Aurora,80011,2020-12-01
402R-00302,THE GREEN SOLUTION LLC,,Retail Marijuana Store,Aurora,80010,2020-12-01
402R-00290,LIVWELL X LLC,LIVWELL,Retail Marijuana Store,Aurora,80011,2020-12-01
402R-00297,THE GREEN SOLUTION LLC,,Retail Marijuana Store,Aurora,80012,2020-12-01
402R-00301,TREATMENTS UNLIMITED LLC,ALTITUDE AURORA,Retail Marijuana Store,Aurora,80010,2020-12-01
402R-00304,JS INVESTMENTS AURORA LLC,EUFLORA,Retail Marijuana Store,Aurora,80016,2020-12-01
402R-00305,JS INVESTMENTS AURORA LLC,EUFLORA,Retail Marijuana Store,Aurora,80015,2020-12-01
402R-00311,BROW ACQUISITIONS AURORA LLC,XCLUSIVE CANNABIS,Retail Marijuana Store,Aurora,80011,2020-12-01
402R-00293,LIGHTSHADE LABS LLC,LIGHTSHADE,Retail Marijuana Store,Aurora,80010,2020-12-01
402R-00312,EMPIRE DEVELOPMENT INC,ROCKY MOUNTAIN CANNABIS,Retail Marijuana Store,Fraser,80442,2020-12-01
402R-00316,SB ARAPAHOE LLC,STARBUDS,Retail Marijuana Store,Aurora,80016,2020-12-01
402R-00296,FUTUREVISION LTD,MEDICINE MAN AURORA,Retail Marijuana Store,Aurora,80014,2020-12-01
402R-00298,THE GREEN SOLUTION LLC,,Retail Marijuana Store,Edgewater,80214,2020-12-01
402R-00299,THE GREEN SOLUTION LLC,,Retail Marijuana Store,Silver Plume,80476,2020-12-01
402R-00300,THE GREEN SOLUTION LLC,,Retail Marijuana Store,Aurora,80014,2020-12-01
402R-00317,HIGH COUNTRY SUPPLY LLC,COLORADO HARVEST COMPANY,Retail Marijuana Store,Aurora,80014,2020-12-01
402R-00307,RRAW LLC,ROCKY ROAD AURORA,Retail Marijuana Store,Aurora,80017,2020-12-01
402R-00333,LIVWELL X LLC,LIVWELL,Retail Marijuana Store,Aurora,80011,2020-12-01
402R-00318,KUSH GARDENS LLC,,Retail Marijuana Store,De Beque,81630,2020-12-01
402R-00323,DP RETAIL 114 LLC,GREEN DRAGON,Retail Marijuana Store,Aurora,80011,2020-12-01
402R-00340,PEAK HOLDINGS GROUP LLC,PEAK DISPENSARY,Retail Marijuana Store,Denver,80203,2020-12-01
402R-00352,LIVWELL VI LLC,LIVWELL,Retail Marijuana Store,Trinidad,81082,2020-12-01
402R-00332,HQ LLC,HIGH Q SILT,Retail Marijuana Store,Silt,81652,2020-12-01
402R-00327,MAGNOLIA ROAD INC,MAGNOLIA ROAD CANNABIS COMPANY,Retail Marijuana Store,Boulder,80301,2020-12-01
402R-00335,RJJ EDGEWATER LLC,NATIVE ROOTS EDGEWATER,Retail Marijuana Store,Edgewater,80214,2020-12-01
402R-00334,APOGEE MANAGEMENT INC,TERRAPIN CARE STATION,Retail Marijuana Store,Aurora,80010,2020-12-01
402R-00336,INDOOR HORTICULTURE CENTERS LLC,SANTE ALTERNATIVE WELLNESS,Retail Marijuana Store,Durango,81301,2020-12-01
402R-00341,NATURES HERBS & WELLNESS CENTER II LLC,,Retail Marijuana Store,Log Lane Village,80705,2020-12-01
402R-00344,MAMMOTH DURANGO LLC,MAMMOTH FARMS,Retail Marijuana Store,Denver,80219,2020-12-01
402R-00345,DENCO LLC,,Retail Marijuana Store,Denver,80216,2020-12-01
402R-00337,GREEN LIFE SOLUTIONS LLC,GREEN TREE MEDICINALS,Retail Marijuana Store,Northglenn,80234,2020-12-01
402R-00354,IGADI LTD,IGADI,Retail Marijuana Store,Tabernash,80478,2020-12-01
402R-00355,GREEN KIWI 4 LLC,LIVWELL,Retail Marijuana Store,Cortez,81321,2020-12-01
402R-00359,NATURES GIFT SHOP LLC,,Retail Marijuana Store,Pueblo West,81007,2020-12-01
402R-00361,CANNABIS FOR HEALTH LLC,PIG N' WHISTLE,Retail Marijuana Store,Denver,80204,2020-12-01
402R-00362,RFSCLV LLC,ROOTSRX,Retail Marijuana Store,Leadville,80461,2020-12-01
402R-00356,GREEN KIWI 5 LLC,LIVWELL,Retail Marijuana Store,Mancos,81328,2020-12-01
402R-00343,THE ACCEPTUS GROUP LLC,THE COLORADO GROW COMPANY,Retail Marijuana Store,Durango,81301,2020-12-01
402R-00366,SISTEM FRASER LLC,SILVER STEM FINE CANNABIS,Retail Marijuana Store,Fraser,80442,2020-12-01
402R-00360,LIGHTSHADE LABS LLC,LIGHTSHADE ,Retail Marijuana Store,Denver,80232,2020-12-01
402R-00358,BBM ENTERPRISES LLC,THE BUD DEPOT,Retail Marijuana Store,Lyons,80540,2020-12-01
402R-00363,RJJ FRISCO LLC,NATIVE ROOTS FRISCO,Retail Marijuana Store,Frisco,80443,2020-12-01
402R-00367,ZENGOLDS LLC,,Retail Marijuana Store,Longmont,80503,2020-12-01
402R-00364,PI AURORA LLC,,Retail Marijuana Store,Aurora,80015,2020-12-01
402R-00369,ELK MOUNTAIN TRADING POST LLC,ELK MOUNTAIN TRADING POST LLC,Retail Marijuana Store,De Beque,81630,2020-12-01
402R-00368,RJJ HIGHLANDS LLC,NATIVE ROOTS HIGHLANDS,Retail Marijuana Store,Denver,80211,2020-12-01
402R-00365,BRECKENRIDGE INVESTMENTS LLC,ALPENGLOW ,Retail Marijuana Store,Dillon,80435,2020-12-01
402R-00376,RESERVE1 LLC,EMERALD FIELDS,Retail Marijuana Store,Glendale,80246,2020-12-01
402R-00380,RJJ SHERIDAN LLC,NATIVE ROOTS LITTLETON,Retail Marijuana Store,Denver,80123,2020-12-01
402R-00381,TENDERFOOT HEALTH COLLECTIVE,,Retail Marijuana Store,Salida,81201,2020-12-01
402R-00375,RESERVE1 MANITOU LLC,EMERALD FIELDS,Retail Marijuana Store,Manitou Springs,80829,2020-12-01
402R-00379,RJJ ASPEN LLC,NATIVE ROOTS ASPEN,Retail Marijuana Store,Aspen,81611,2020-12-01
402R-00383,COLORADO CANNABIS ASSOCIATES LLC,THE SPOT,Retail Marijuana Store,Trinidad,81082,2020-12-01
402R-00370,KIND LOVE LLC,KIND LOVE,Retail Marijuana Store,Glendale,80246,2020-12-01
402R-00382,1917 SANTA FE LLC,APOTHECARY FARMS,Retail Marijuana Store,Pueblo,81006,2020-12-01
402R-00377,DP RETAIL 103 LLC,GREEN DRAGON,Retail Marijuana Store,Aurora,80015,2020-12-01
402R-00385,TWOG-WALNUT LLC,BUDDY BOY,Retail Marijuana Store,Denver,80205,2020-12-01
402R-00412,TWOG-YORK LLC,BUDDY BOY,Retail Marijuana Store,Denver,80216,2020-12-01
402R-00386,3B-38 LLC,BUDDY BOY,Retail Marijuana Store,Denver,80212,2020-12-01
402R-00374,THE GREEN SOLUTION LLC,,Retail Marijuana Store,Black Hawk,80422,2020-12-01
402R-00387,DP RETAIL 113 LLC,GREEN DRAGON COLORADO,Retail Marijuana Store,Mountain View,80212,2020-12-01
402R-00388,DURANGO ORGANICS LLP,DO CORTEZ ,Retail Marijuana Store,Cortez,81321,2020-12-01
402R-00371,CANNA COMPANY,CANNACO,Retail Marijuana Store,Trinidad,81082,2020-12-01
402R-00372,SOUTHERN COLORADO THERAPEUTICS INC,HIGHLAND HEALTH,Retail Marijuana Store,Trinidad,81082,2020-12-01
402R-00396,COLORADO CANNABIS COMPANY LLC,PURE MARIJUANA DISPENSARY,Retail Marijuana Store,Denver,80204,2020-12-01
402R-00399,WELLNESS CENTER OF THE ROCKIES INC,WCR,Retail Marijuana Store,Denver,80224,2020-12-01
402R-00389,M&M DISTRIBUTING LLC,,Retail Marijuana Store,Trinidad,81082,2020-12-01
402R-00400,PIONEER INTERESTS COLFAX LLC,LOVA COLFAX,Retail Marijuana Store,Denver,80206,2020-12-01
402R-00390,MOUNTAIN ANNIES LLC,MEDICINE MAN OF CORTEZ,Retail Marijuana Store,Cortez,81321,2020-12-01
402R-00373,GMC LLC,GREEN MAN CANNABIS,Retail Marijuana Store,Denver,80224,2020-12-01
402R-00405,VAIL BUD BREWERY LLC,HIGH COUNTRY HEALING 8,Retail Marijuana Store,Avon,81620,2020-12-01
402R-00394,MODERN MEDICINE LLC,ALTITUDE ORGANIC CANNABIS,Retail Marijuana Store,Dillon,80435,2020-12-01
402R-00404,DURANGO ALTERNATIVE LLC,ROCKY MOUNTAIN HIGH,Retail Marijuana Store,Durango,81301,2020-12-01
402R-00406,APEX INDUSTRIES INC,HARVEST HOUSE,Retail Marijuana Store,Nederland,80466,2020-12-01
402R-00402,NEW WORLD ALTERNATIVE HEALTHCARE LLC,TELLURIDE BUD COMPANY,Retail Marijuana Store,Durango,81301,2020-12-01
402R-00408,PG RETAIL I LLC,LACONTE'S CLONE BAR & DISPENSARY,Retail Marijuana Store,Denver,80203,2020-12-01
402R-00416,RJJ LONGMONT LLC,NATIVE ROOTS LONGMONT,Retail Marijuana Store,Longmont,80501,2020-12-01
402R-00409,THE OUNCE DEPOT LLC,THE FARMERS MARKET,Retail Marijuana Store,Denver,80223,2020-12-01
402R-00410,STARBUDS PUEBLO LLC,STARBUDS,Retail Marijuana Store,Pueblo,81005,2020-12-01
402R-00415,BOULDER WELLNESS CENTER LLC,,Retail Marijuana Store,Boulder,80303,2020-12-01
402R-00417,920104 LLC,CALLIES,Retail Marijuana Store,Northglenn,80234,2020-12-01
402R-00419,MILE HIGH DISPENSARY LLC,MILE HIGH DISPENSARY,Retail Marijuana Store,Denver,80232,2020-12-01
402R-00429,LA CASA CANNA BIS INC,,Retail Marijuana Store,San Luis,81152,2020-12-01
402R-00430,GREEN AROUND YOU MERGERCO LLC,GOLDEN MEDS,Retail Marijuana Store,Denver,80224,2020-12-01
402R-00421,FARAGOSI FARMS INC,FARAGOSI FARMS,Retail Marijuana Store,Trinidad,81082,2020-12-01
402R-00422,GREEN STREET DISPENSARY LLC,THE GREENERY,Retail Marijuana Store,Durango,81303,2020-12-01
402R-00424,COLORADO BEST BUDZ LLC,,Retail Marijuana Store,Pueblo,81006,2020-12-01
402R-00353,THA CORP,THE HERBAL ALTERNATIVE,Retail Marijuana Store,Cortez,81321,2020-12-01
402R-00257,NEW HOPE WELLNESS CENTER LLC,TUMBLEWEED DISPENSARY EDWARDS,Retail Marijuana Store,Edwards,81632,2020-12-01
402R-00432,WILLOW NORTH INC,BUD FARM,Retail Marijuana Store,Mancos,81328,2020-12-01
402R-00445,MILE HIGH WELLNESS II LLC,MILE HIGH WELLNESS-GREEN STREET,Retail Marijuana Store,Denver,80223,2020-12-01
402R-00434,RJJ DILLON LLC,NATIVE ROOTS DILLON,Retail Marijuana Store,Dillon,80435,2020-12-01
402R-00438,505 CENTER LLC,PURE MARIJUANA DISPENSARY ,Retail Marijuana Store,Denver,80216,2020-12-01
402R-00413,DURANGO ORGANICS LLP,DO CRESTED BUTTE,Retail Marijuana Store,Crested Butte,81224,2020-12-01
402R-00444,GORULE LLC,ROCKY MOUNTAIN BLAZE,Retail Marijuana Store,Pueblo West,81007,2020-12-01
402R-00449,PG RETAIL I LLC,MILE HIGH GREEN CROSS,Retail Marijuana Store,Denver,80203,2020-12-01
402R-00446,LUCKY TICKET LLC,STARBUDS,Retail Marijuana Store,Denver,80221,2020-12-01
402R-00450,ALTERNATIVE HOLISTIC HEALING LLC,ROCKY MOUNTAIN ORGANICS ,Retail Marijuana Store,Central City,80427,2020-12-01
402R-00454,GREEN KIWI 1 LLC,LIVWELL,Retail Marijuana Store,Denver,80207,2020-12-01
402R-00455,MOUNTAIN ANNIES LLC,,Retail Marijuana Store,Silverton,81433,2020-12-01
402R-00461,IGADI LTD,IGADI,Retail Marijuana Store,Nederland,80466,2020-12-01
402R-00457,HADCAV ENTERPRISES INC,PURE MARIJUANA DISPENSARY,Retail Marijuana Store,Denver,80220,2020-12-01
402R-00418,BK HOLDINGS LLC,THE HERBAL CENTER,Retail Marijuana Store,Denver,80239,2020-12-01
402R-00462,MARTINS NATURAL MEDICINALS LLC,,Retail Marijuana Store,Glenwood Springs,81601,2020-12-01
402R-00458,URBAN HEALTH & WELLNESS INC,URBAN DISPENSARY,Retail Marijuana Store,Denver,80211,2020-12-01
402R-00460,YUMA WAY LLC,CHERRY PEAK,Retail Marijuana Store,Glendale,80246,2020-12-01
402R-00465,COLORADO CANNABIS COMPANY LLC,PURE MARIJUANA DISPENSARY,Retail Marijuana Store,Denver,80216,2020-12-01
402R-00467,TUMBLEWEED CARBONDALE LLC,TUMBLEWEED CARBONDALE,Retail Marijuana Store,Carbondale,81623,2020-12-01
402R-00463,BUD HUT INC,BUD HUT INC,Retail Marijuana Store,Walsenburg,81089,2020-12-01
402R-00476,AGRICULTURAL ADVANTAGES LLC,LUCKY MONKEY BUDS,Retail Marijuana Store,Trinidad,81082,2020-12-01
402R-00474,THE GREEN SOLUTION LLC,,Retail Marijuana Store,Denver,80221,2020-12-01
402R-00475,GARDEN GREENS LLC,STRAWBERRY FIELDS,Retail Marijuana Store,Pueblo,81003,2020-12-01
402R-00477,NATURAL ALTERNATIVES FOR HEALTH CORP,,Retail Marijuana Store,Fort Collins,80525,2020-12-01
402R-00481,IEROS LLC,LIFE FLOWER DISPENSARY LLC,Retail Marijuana Store,Glendale,80246,2020-12-01
402R-00482,ACADEMY OF THE HEALING ARTS LLC,HIGH VALLEY ANTONITO RETAIL CANNABIS,Retail Marijuana Store,Antonito,81120,2020-12-01
402R-00480,MOUNTAIN ANNIES LLC,,Retail Marijuana Store,Durango,81301,2020-12-01
402R-00479,LIGHTSHADE LABS LLC,LIGHTSHADE,Retail Marijuana Store,Denver,80203,2020-12-01
402R-00486,OSIRIS LLC,BEST DAY EVER,Retail Marijuana Store,Glenwood Springs,81601,2020-12-01
402R-00487,RFSCA LLC,ROOTSRX,Retail Marijuana Store,Aspen,81611,2020-12-01
402R-00488,HIGH PLAINS STRAINS LLC,HIGH PLAINZ STRAINS & DISPENSARY LLC,Retail Marijuana Store,Log Lane Village,80705,2020-12-01
402R-00489,IGADI LTD,IGADI,Retail Marijuana Store,Central City,80427,2020-12-01
402R-00492,GREEN FIELDS LLC,GREENFIELDS,Retail Marijuana Store,Denver,80223,2020-12-01
402R-00493,RJJ ADAMS LLC,NATIVE ROOTS NORTH DENVER,Retail Marijuana Store,Denver,80216,2020-12-01
402R-00494,STONE T.M.C. LLC,THE STONE,Retail Marijuana Store,Denver,80219,2020-12-01
402R-00496,FREEDOM ROAD GARDEN LTD,FREEDOM ROAD,Retail Marijuana Store,Trinidad,81082,2020-12-01
402R-00495,MJLQ LLC,GREEN RINO,Retail Marijuana Store,Denver,80216,2020-12-01
402R-00497,WASH PARK BOUTIQUE LLC,LUCY SKY CANNABIS BOUTIQUE,Retail Marijuana Store,Denver,80210,2020-12-01
402R-00498,SHRED INVESTMENTS LLC,HIGH WEST CANNABIS,Retail Marijuana Store,Denver,80239,2020-12-01
402R-00483,VILLAGE RETAIL LLC,BLUE HERON DISPENSARY,Retail Marijuana Store,Oak Creek,80467,2020-12-01
402R-00484,RJJ SANTA FE LLC,NATIVE ROOTS SANTA FE,Retail Marijuana Store,Denver,80223,2020-12-01
402R-00499,GUNNISON INVESTMENTS LLC,SOMA,Retail Marijuana Store,Gunnison,81230,2020-12-01
402R-00501,THE GREEN SOLUTION LLC,,Retail Marijuana Store,Fort Collins,80524,2020-12-01
402R-00502,ACES PLACE LLC,,Retail Marijuana Store,Fort Collins,80524,2020-12-01
402R-00511,BELEAF WELLNESS CENTER LLC,,Retail Marijuana Store,San Luis,81152,2020-12-01
402R-00505,RFSCG LLC,ROOTSRX,Retail Marijuana Store,Gunnison,81230,2020-12-01
402R-00508,SOUTHERN COLORADO CANNABIS CLUB LLC,,Retail Marijuana Store,Fort Garland,81133,2020-12-01
402R-00509,GUNNISON CANNABIS LLC,ROCKY MOUNTAIN CANNABIS,Retail Marijuana Store,Gunnison,81230,2020-12-01
402R-00514,MESA ORGANICS LTD,SCHWAZZE,Retail Marijuana Store,Pueblo,81006,2020-12-01
402R-00510,SIMPLY PURE COLORADO LLC,SIMPLY PURE,Retail Marijuana Store,Denver,80211,2020-12-01
402R-00519,RME GROUP LLC,AFFINITY,Retail Marijuana Store,Denver,80220,2020-12-01
402R-00518,PARACHUTE GREEN JOINT LLC,THE GREEN JOINT,Retail Marijuana Store,Parachute,81635,2020-12-01
402R-00512,FIDDLERS GREEN LLC,,Retail Marijuana Store,Ridgway,81432,2020-12-01
402R-00524,MESA GREENS LLC,WOLFPAC CANNABIS,Retail Marijuana Store,Pueblo West,81007,2020-12-01
402R-00515,SOUTHWEST ALTERNATIVE CARE LLC,KAYA,Retail Marijuana Store,Denver,80204,2020-12-01
402R-00521,MISSKAT INC,FROSTY LEAF,Retail Marijuana Store,Gunnison,81230,2020-12-01
402R-00516,KIND CARE OF COLORADO LLC,KIND CARE OF COLORADO,Retail Marijuana Store,Fort Collins,80525,2020-12-01
402R-00528,BUDS LTD,,Retail Marijuana Store,Parachute,81635,2020-12-01
402R-00529,IGADI LTD,IGADI,Retail Marijuana Store,Northglenn,80233,2020-12-01
402R-00522,GREEN CROSS COLORADO LLC,THE TUMBLEWEED DISPENSARY,Retail Marijuana Store,Parachute,81635,2020-12-01
402R-00523,MAIN STREET CANNABIS,MAIN STREET CANNABIS,Retail Marijuana Store,Trinidad,81082,2020-12-01
402R-00530,DP & D HOLDINGS LLC,DURANGO REC ROOM,Retail Marijuana Store,Durango,81301,2020-12-01
402R-00533,THE COLORADO CANNABIS CABIN LLC,CABIN CANNABIS,Retail Marijuana Store,Gunnison,81230,2020-12-01
402R-00531,PJ INVESTMENT GROUP LLC,,Retail Marijuana Store,Fairplay,80440,2020-12-01
402R-00535,ANCIENT ALTERNATIVES LLC,GREEN TREE MEDICINALS,Retail Marijuana Store,Longmont,80504,2020-12-01
402R-00536,ORGANIC WELLNESS DISPENSARY LLC,GREEN TREE MEDICINALS,Retail Marijuana Store,Boulder,80303,2020-12-01
402R-00537,SYLS LLC,STRAWBERRY FIELDS,Retail Marijuana Store,Pueblo,81008,2020-12-01
402R-00542,SAN JUAN STRAINS INC,,Retail Marijuana Store,Pagosa Springs,81147,2020-12-01
402R-00538,SAN JUAN STRAINS INC,,Retail Marijuana Store,Gunnison,81230,2020-12-01
402R-00543,HERBAL HEALTH LLC,LOCAL PRODUCT OF COLORADO,Retail Marijuana Store,Denver,80204,2020-12-01
402R-00544,D & D CONSULTING INC,SOUTHWEST ALTERNATIVE CARE FOX ST,Retail Marijuana Store,Denver,80223,2020-12-01
402R-00526,THE CANNABIST CASTLE SUPERMARKET & DISPENSARY LOUNGE LLC,THE KIND CASTLE,Retail Marijuana Store,Parachute,81635,2020-12-01
402R-00547,GREEN WORLD EXPRESS INC,,Retail Marijuana Store,Antonito,81120,2020-12-01
402R-00548,KTA LLC,THE LODGE,Retail Marijuana Store,Denver,80219,2020-12-01
402R-00540,ROYAL ASSET MANAGEMENT LLC,DIEGO PELLICER,Retail Marijuana Store,Denver,80219,2020-12-01
402R-00545,VERTS LLC,VERTICAL,Retail Marijuana Store,Fort Collins,80521,2020-12-01
402R-00550,TASTEBUDZ LLC,AROMA,Retail Marijuana Store,Commerce City,80022,2020-12-01
402R-00534,J and J ENTERPRISES INC,THE GREEN HOUSE,Retail Marijuana Store,Pagosa Springs,81147,2020-12-01
402R-00554,GREEN MEDICALS WELLNESS CENTER #5 LLC,SMOKEY'S,Retail Marijuana Store,Fort Collins,80525,2020-12-01
402R-00553,HEALTH SERVICES LLC,GREEN DREAM CANNABIS,Retail Marijuana Store,Boulder,80301,2020-12-01
402R-00556,THREE RIVERS DEVELOPMENT LLC,THREE RIVERS DISPENSARY,Retail Marijuana Store,Pueblo,81006,2020-12-01
402R-00559,SERENE WELLNESS V LLC,SERENE WELLNESS WINTER PARK LLC,Retail Marijuana Store,Winter Park,80482,2020-12-01
402R-00564,EMERALD CITY WELLNESS LLC,EMERALD CITY,Retail Marijuana Store,Trinidad,81082,2020-12-01
402R-00560,GREEN CROSS COLORADO LLC,TUMBLEWEED EXPRESS,Retail Marijuana Store,Parachute,81635,2020-12-01
402R-00563,SOUTHWEST SUNSHINE LLC,THE DOOBIE SISTERS,Retail Marijuana Store,Cortez,81321,2020-12-01
402R-00567,FIPG LLC,,Retail Marijuana Store,Pueblo West,81007,2020-12-01
402R-00571,RFSCED LLC,ROOTSRX,Retail Marijuana Store,Edwards,81632,2020-12-01
402R-00569,MAGNOLIA ROAD INC,MAGNOLIA ROAD CANNABIS COMPANY,Retail Marijuana Store,Trinidad,81082,2020-12-01
402R-00573,UNIVERSAL HERBS LLC,UNIVERSAL HERBS,Retail Marijuana Store,Denver,80223,2020-12-01
402R-00574,HIGHWAY 40 LLC,BONFIRE CANNABIS COMPANY,Retail Marijuana Store,Tabernash,80478,2020-12-01
402R-00578,ONYX LAKE HOLDINGS LLC,GOLDEN NUGGET DISPENSARY,Retail Marijuana Store,Central City,80427,2020-12-01
402R-00577,STARBUDS COMMERCE CITY LLC,STARBUDS,Retail Marijuana Store,Commerce City,80022,2020-12-01
402R-00579,LIGHTSHADE LABS LLC,LIGHTSHADE,Retail Marijuana Store,Aurora,80014,2020-12-01
402R-00580,MONTEM PHARMLABS LIMITED,NORTHERN STANDARD,Retail Marijuana Store,Alma,80420,2020-12-01
402R-00583,THE GREEN SOLUTION LLC,,Retail Marijuana Store,Trinidad,81082,2020-12-01
402R-00581,1-11 LLC,ONE:ELEVEN,Retail Marijuana Store,Moffat,81143,2020-12-01
402R-00582,THE GREEN SOLUTION LLC,CLEARANCE CANNABIS CO.,Retail Marijuana Store,Trinidad,81082,2020-12-01
402R-00584,FREEDOM ROAD GARDEN MAIN LLC,FREEDOM ROAD,Retail Marijuana Store,Trinidad,81082,2020-12-01
402R-00585,OSIRIS LLC,BEST DAY EVER,Retail Marijuana Store,Aspen,81611,2020-12-01
402R-00586,BG3 INVESTMENTS LLC,DRIFT,Retail Marijuana Store,Boulder,80301,2020-12-01
402R-00588,TRILL THERAPEUTICS LLC,TRILL ALTERNATIVES,Retail Marijuana Store,Boulder,80302,2020-12-01
402R-00590,JVT ENTERPRISES INC,COLORADO CANNABIS CONNECTION,Retail Marijuana Store,Denver,80127,2020-12-01
402R-00587,HOBBY FARMS LLC,A CUT ABOVE,Retail Marijuana Store,Denver,80210,2020-12-01
402R-00592,LEVELS IV INC,LEVELS IV INC,Retail Marijuana Store,Denver,80212,2020-12-01
402R-00596,CG INDUSTRY LLC,CROSS GENETICS,Retail Marijuana Store,Denver,80216,2020-12-01
402R-00602,UNIVERSAL HERBS LLC,UNIVERSAL HERBS,Retail Marijuana Store,Denver,80205,2020-12-01
402R-00600,SMOKED COLORADO INC,MIGHTY TREE,Retail Marijuana Store,Denver,80223,2020-12-01
402R-00603,TWOG FEDERAL LLC,BUDDY BOY,Retail Marijuana Store,Denver,80219,2020-12-01
402R-00601,BK HOLDINGS LLC,THE HERBAL CENTER,Retail Marijuana Store,Denver,80210,2020-12-01
402R-00605,SILVER LAKE HOLDINGS LLC,ROOTED,Retail Marijuana Store,Trinidad,81082,2020-12-01
402R-00606,AHAB LLC,STRAWBERRY FIELDS,Retail Marijuana Store,Trinidad,81082,2020-12-01
402R-00608,TRILL EVOLUTIONS LLC,TRILL EVOLUTIONS,Retail Marijuana Store,Denver,80239,2020-12-01
402R-00613,YUMA WAY LLC,1136 YUMA,Retail Marijuana Store,Denver,80204,2020-12-01
402R-00614,KTA LLC,THE LODGE,Retail Marijuana Store,Denver,80205,2020-12-01
402R-00615,FROZEN SMOKE DISPENSARY LLC,FROZEN SMOKE DISPENSARY,Retail Marijuana Store,Gunnison,81230,2020-12-01
402R-00616,THE UNDERGROUND STATION LLC,THE UNDERGROUND STATION LLC,Retail Marijuana Store,Trinidad,81082,2020-12-01
402R-00617,RJJ TRINIDAD LLC,NATIVE ROOTS TRINIDAD,Retail Marijuana Store,Trinidad,81082,2020-12-01
402R-00622,SACRED VALLEY FARMACY LLC,PRIMO,Retail Marijuana Store,Villa Grove,81155,2020-12-01
402R-00631,CANNABIS KING LLC,GREEN DRAGON COLORADO,Retail Marijuana Store,Thornton,80602,2020-12-01
402R-00640,FUTUREVISION 2020 LLC,MEDICINE MAN THORNTON,Retail Marijuana Store,Thornton,80260,2020-12-01
402R-00645,E&R RETAIL LLC,THE OTHER PLACE IS GREENER,Retail Marijuana Store,Trinidad,81082,2020-12-01
402R-00646,SUMMIT WELLNESS,DEN REC DENVER RECREATIONAL DISPENSARY,Retail Marijuana Store,Denver,80223,2020-12-01
402R-00633,ROCKY ROAD REMEDIES LLC,ROCKY ROAD THORNTON,Retail Marijuana Store,Thornton,80233,2020-12-01
402R-00650,NUVUE PHARMA LLC,,Retail Marijuana Store,Pueblo,81008,2020-12-01
402R-00652,TDM LLC,TREES,Retail Marijuana Store,Englewood,80110,2020-12-01
402R-00655,LIVWELL VIII LLC,HIGHLINE,Retail Marijuana Store,Commerce City,80022,2020-12-01
402R-00654,THE GREEN SOLUTION LLC,,Retail Marijuana Store,Glendale,80246,2020-12-01
402R-00656,MJM HOLDINGS LIMITED,STICKY FINGERZ,Retail Marijuana Store,Denver,80205,2020-12-01
402R-00659,NATURES KISS CANNABIS SERVICES HEALTH & WELLNESS LLC,NATURES KISS,Retail Marijuana Store,Englewood,80113,2020-12-01
402R-00662,ECO GREEN GROW LLC,VERDE NATURAL,Retail Marijuana Store,Boulder,80302,2020-12-01
402R-00663,DP RETAIL 110 LLC,GREEN DRAGON COLORADO,Retail Marijuana Store,Telluride,81435,2020-12-01
402R-00667,JOE CAL ENTERPRISES INC,PAGOSA CRAFT,Retail Marijuana Store,Pagosa Springs,81147,2020-12-01
402R-00664,3B FEDERAL1 LLC,BUDDY BOY,Retail Marijuana Store,Denver,80219,2020-12-01
402R-00666,THE GREEN SOLUTION LLC,,Retail Marijuana Store,Aurora,80015,2020-12-01
402R-00668,SEVEN-ONE-NINE LLC,COLORADO KUSH DISPENSARY,Retail Marijuana Store,Pueblo,81004,2020-12-01
402R-00674,COLORADO PRODUCT SERVICES LLC,DOUBLE BLACK,Retail Marijuana Store,Glenwood Springs,81601,2020-12-01
402R-00673,COLORADO GOLD LLP,STICKY ICKY'S,Retail Marijuana Store,Pueblo,81005,2020-12-01
402R-00670,THE GREEN SOLUTION LLC,,Retail Marijuana Store,Pueblo,81004,2020-12-01
402R-00671,COLORADO CANNABIS ASSOCIATES LLC,THE SPOT 420,Retail Marijuana Store,Pueblo,81008,2020-12-01
402R-00672,LIVWELL V LLC,LIVWELL,Retail Marijuana Store,Pueblo,81004,2020-12-01
402R-00676,GREENER PASTURE COMPASSION CENTER LLC,VERDE NATURAL,Retail Marijuana Store,Denver,80220,2020-12-01
402R-00677,LBW CONSULTING GROUP LLC,SEED & SMITH,Retail Marijuana Store,Denver,80239,2020-12-01
402R-00678,NINE POUND HAMMER LLC,IGADI,Retail Marijuana Store,Lafayette,80026,2020-12-01
402R-00679,GRANT CO LLC,SOUTH PARK FARMA,Retail Marijuana Store,Grant,80448,2020-12-01
402R-00682,THE 404 LLC,,Retail Marijuana Store,Pueblo,81003,2020-12-01
402R-00684,LIGHTSHADE LABS LLC,LIGHTSHADE,Retail Marijuana Store,Federal Heights,80260,2020-12-01
402R-00683,DURANGO ORGANICS LLP,,Retail Marijuana Store,Durango,81303,2020-12-01
402R-00685,HQ LANDING LLC,HIGH Q PARACHUTE,Retail Marijuana Store,Parachute,81635,2020-12-01
402R-00687,BROW ACQUISITIONS FEDERAL HEIGHTS LLC,XCLUSIVE CANNABIS,Retail Marijuana Store,Federal Heights,80260,2020-12-01
402R-00688,CGFR GROUP INC,KRYSTALEAVES,Retail Marijuana Store,Commerce City,80022,2020-12-01
402R-00691,KEW LLC,STARBUDS,Retail Marijuana Store,Federal Heights,80260,2020-12-01
402R-00694,BUDS LLC,,Retail Marijuana Store,De Beque,81630,2020-12-01
402R-00689,NUVUE PHARMA LLC,,Retail Marijuana Store,Trinidad,81082,2020-12-01
402R-00690,EARTH SOLUTIONS INC,CANNA CABINET INC,Retail Marijuana Store,Pueblo,81004,2020-12-01
402R-00692,CONSCIOUS CONNEXION LLC,HIGHER ELEVATION,Retail Marijuana Store,Crestone,81131,2020-12-01
402R-00693,TOKIN TIPI LLC,,Retail Marijuana Store,Parachute,81635,2020-12-01
402R-00696,RJJ TOWER LLC,NATIVE ROOTS DENVER AIRPORT,Retail Marijuana Store,Denver,80249,2020-12-01
402R-00697,GREEN SATIVA LLC,,Retail Marijuana Store,Federal Heights,80260,2020-12-01
402R-00698,PC HOLDINGS INC,CANNA CITY,Retail Marijuana Store,Trinidad,81082,2020-12-01
402R-00695,COLORADO ALTERNATIVE HEALTH CARE LTD,COLORADO WEEDERY,Retail Marijuana Store,Palisade,81526,2020-12-01
402R-00699,NORTHWEST CANNABIS INC,ROCKY MOUNTAIN CANNABIS,Retail Marijuana Store,Dinosaur,81610,2020-12-01
402R-00705,HQ SOPRIS LLC,HIGH Q CARBONDALE,Retail Marijuana Store,Carbondale,81623,2020-12-01
402R-00700,THE GREEN SOLUTION LLC,,Retail Marijuana Store,Denver,80202,2020-12-01
402R-00704,TUMBLEWEED DE BEQUE LLC,TUMBLEWEED DE BEQUE ,Retail Marijuana Store,De Beque,81630,2020-12-01
402R-00706,BLEND LLC,BLEND,Retail Marijuana Store,Mancos,81328,2020-12-01
402R-00703,COMPLETE RELEAF CO LLC,COMPLETE RELEAF,Retail Marijuana Store,Lafayette,80026,2020-12-01
402R-00701,STARBUDS NIWOT LLC,STARBUDS,Retail Marijuana Store,Niwot,80503,2020-12-01
402R-00702,SOUTH PUEBLO LLC,COLORADO CANNABIS EXCHANGE,Retail Marijuana Store,Pueblo,81004,2020-12-01
402R-00707,CO & RO PARTNERS LLC,EUFLORA,Retail Marijuana Store,Longmont,80501,2020-12-01
402R-00708,LM MJC LLC,STARBUDS LONGMONT,Retail Marijuana Store,Longmont,80503,2020-12-01
402R-00711,THC2 INC,THE HAPPY CAMPER CANNABIS COMPANY,Retail Marijuana Store,Palisade,81526,2020-12-01
402R-00712,FRONT RANGE BOTANICAL LLC,SOUTH PARK FARMA,Retail Marijuana Store,Commerce City,80022,2020-12-01
402R-00713,STEM BEACH LLC,THE CANNABIS DEPOT,Retail Marijuana Store,Pueblo,81008,2020-12-01
402R-00715,LS BOUTIQUES LLC,LUCY SKY CANNABIS BOUTIQUE,Retail Marijuana Store,Sheridan,80110,2020-12-01
402R-00717,CHRONIC THERAPY CORTEZ LLC,,Retail Marijuana Store,Cortez,81321,2020-12-01
402R-00716,CHIMERA STRATEGIES INC,TERRAPIN CARE STATION,Retail Marijuana Store,Longmont,80501,2020-12-01
402R-00730,YUMA WAY LLC,TWIN PEAKS DISPENSARY,Retail Marijuana Store,Longmont,80501,2020-12-01
402R-00724,MEDICINE MAN LONGMONT LLC,MEDICINE MAN LONGMONT,Retail Marijuana Store,Longmont,80501,2020-12-01
402R-00729,RIA HOLDINGS LIMITED,LAUGHING GRASS,Retail Marijuana Store,Denver,80223,2020-12-01
402R-00718,THE GREEN SOLUTION LLC,,Retail Marijuana Store,Longmont,80501,2020-12-01
402R-00725,VIRTUAL MARKETING LLC,MAGGIE'S FARM,Retail Marijuana Store,Pueblo,81008,2020-12-01
402R-00733,MHFS LLC,GOOD CHEMISTRY,Retail Marijuana Store,Denver,80211,2020-12-01
402R-00734,A&A INVESTMENTS LLC,ECLIPSE CANNABIS COMPANY,Retail Marijuana Store,Boulder,80304,2020-12-01
402R-00735,NATURES HERBS & WELLNESS CENTER III LLC,NATURES HERBS & WELLNESS CENTER III,Retail Marijuana Store,Milliken,80543,2020-12-01
402R-00743,THE GREEN SOLUTION LLC,,Retail Marijuana Store,Sheridan,80110,2020-12-01
402R-00737,THE GREEN SOLUTION LLC,CLEARANCE CANNABIS CO,Retail Marijuana Store,Sheridan,80110,2020-12-01
402R-00739,10232 LLC,PROVISIONS,Retail Marijuana Store,Walsenburg,81089,2020-12-01
402R-00742,THE GREEN SOLUTION LLC,,Retail Marijuana Store,Glenwood Springs,81601,2020-12-01
402R-00747,GOLD & T LLC,THE HEALTH CENTER,Retail Marijuana Store,Boulder,80302,2020-12-01
402R-00744,KARMACEUTICALS LLC,KARMACEUTICALS ,Retail Marijuana Store,Denver,80223,2020-12-01
402R-00750,SUN HOUSE CB LLC,SUN HOUSE,Retail Marijuana Store,Crested Butte,81224,2020-12-01
402R-00746,DINO DISPENSARY LLC,DINO DISPENSARY,Retail Marijuana Store,Dinosaur,81610,2020-12-01
402R-00755,ROCKY FARMS LLC,ROCKY FARMS,Retail Marijuana Store,Rocky Ford,81067,2020-12-01
402R-00754,PLAIN JANE ORGANICS LLC,,Retail Marijuana Store,Colorado City,81019,2020-12-01
402R-00751,THREE RIVERS DEVELOPMENT LLC,THREE RIVERS DISPENSARY,Retail Marijuana Store,Pueblo West,81007,2020-12-01
402R-00757,SISTEM SHERIDAN LLC,SILVER STEM FINE CANNABIS,Retail Marijuana Store,Sheridan,80110,2020-12-01
402R-00758,KGBI COLORADO LLC,SPARK DISPENSARY ,Retail Marijuana Store,Denver,80216,2020-12-01
402R-00749,WHISPER CONSULTING GROUP LLC,ELEVATED STRAINS,Retail Marijuana Store,Longmont,80501,2020-12-01
402R-00752,ASPEN GREEN JOINT LLC,THE GREEN JOINT,Retail Marijuana Store,Aspen,81611,2020-12-01
402R-00759,BOLDER VENTURES LTD,THE PEACEFUL CHOICE,Retail Marijuana Store,Boulder,80303,2020-12-01
402R-00764,PERSONALIZED ORGANIC TREATMENTS LLC,CANNA BOTICA,Retail Marijuana Store,Denver,80223,2020-12-01
402R-00762,DINO TREATS LLC,DINO TREATS,Retail Marijuana Store,Dinosaur,81610,2020-12-01
402R-00763,10185 RIDGE LLC,EVERBLOOM,Retail Marijuana Store,Wheat Ridge,80033,2020-12-01
402R-00760,WAHATOYA FARMS LLC,MEDUSACO,Retail Marijuana Store,Walsenburg,81089,2020-12-01
402R-00761,THE GENETIC LOCKER INC,TERRAPIN CARE STATION,Retail Marijuana Store,Boulder,80303,2020-12-01
402R-00765,MESA ORGANICS III LTD,SCHWAZZE,Retail Marijuana Store,Rocky Ford,81067,2020-12-01
402R-00766,LIVWELL IX LLC,LIVWELL,Retail Marijuana Store,Federal Heights,80260,2020-12-01
402R-00774,N&G ENTERPRISES LLC,LOUD,Retail Marijuana Store,Commerce City,80022,2020-12-01
402R-00769,DP RETAIL 107 LLC,GREEN DRAGON COLORADO,Retail Marijuana Store,Denver,80203,2020-12-01
402R-00770,ORION BUSINESS INVESTMENTS LLC,WILD WILD WEED,Retail Marijuana Store,Ordway,81063,2020-12-01
402R-00779,NUVUE PHARMA LLC,,Retail Marijuana Store,Cortez,81321,2020-12-01
402R-00775,LIVWELL X LLC,LIVWELL,Retail Marijuana Store,Berthoud,80513,2020-12-01
402R-00781,JW COLORADO LLC,TWEEDLEAF,Retail Marijuana Store,Trinidad,81082,2020-12-01
402R-00782,CCW HOLDINGS INC ,CANNA CITY,Retail Marijuana Store,Walsenburg,81089,2020-12-01
402R-00783,PEAK 6010 LLC,ELEVATE 6010,Retail Marijuana Store,Trinidad,81082,2020-12-01
402R-00768,SAN JUAN RETAIL LLC,CANNAFARMER FARM STORE,Retail Marijuana Store,Silverton,81433,2020-12-01
402R-00771,NATURAL ALTERNATIVES FOR LIFE LLC,GREEN TREE MEDICINALS,Retail Marijuana Store,Berthoud,80513,2020-12-01
402R-00772,IGADI LTD,IGADI,Retail Marijuana Store,Lyons,80540,2020-12-01
402R-00784,CANASOL INC ,ROCKY MOUNTAIN CANNABIS,Retail Marijuana Store,Trinidad,81082,2020-12-01
402R-00786,COLORADOS KINDEST LLC,,Retail Marijuana Store,Del Norte,81132,2020-12-01
402R-00790,RINO SUPPLY CO INC,RINO SUPPLY COMPANY,Retail Marijuana Store,Denver,80205,2020-12-01
402R-00787,MAMMOTH FARMS LLC,THE HOMESTEAD,Retail Marijuana Store,Durango,81301,2020-12-01
402R-00777,SOFA KING MEDICINAL WELLNESS PRODUCTS LLC,SKM,Retail Marijuana Store,Dumont,80436,2020-12-01
402R-00789,B & B LTD LLC ,SMOKE RINGS,Retail Marijuana Store,Pagosa Springs,81147,2020-12-01
402R-00791,HIGH DEMAND LLC,TERPS,Retail Marijuana Store,Pueblo West,81007,2020-12-01
402R-00792,MESA ORGANICS II LTD,SCHWAZZE,Retail Marijuana Store,Ordway,81063,2020-12-01
402R-00796,ASPEN FOREST LLC,MARY JANE'S HOUSE,Retail Marijuana Store,Denver,80239,2020-12-01
402R-00798,KINFOLK FARMS LLC,KINFOLK FARMS,Retail Marijuana Store,Durango,81301,2020-12-01
402R-00799,HERBAL OUTFITTERS LLC,THE GREEN JOINT,Retail Marijuana Store,Rifle,81650,2020-12-01
402R-00794,SILVERPEAK CORP,,Retail Marijuana Store,Louisville,80027,2020-12-01
402R-00797,HIGH OCTANE LLC,,Retail Marijuana Store,Pueblo,81004,2020-12-01
402R-00804,BUFFALO BIOTECH LLC ,DALWHINNIE FARMS,Retail Marijuana Store,Aspen,81611,2020-12-01
402R-00803,HARVESTS LLC ,HARVEST ,Retail Marijuana Store,Pueblo,81008,2020-12-01
402R-00808,YUMA WAY LLC,BERKELEY DISPENSARY,Retail Marijuana Store,Arvada,80002,2020-12-01
402R-00809,BGOOD VENTURES LLC,BGOOD,Retail Marijuana Store,Englewood,80110,2020-12-01
402R-00806,LIVWELL IV LLC,LIVWELL,Retail Marijuana Store,Pueblo,81008,2020-12-01
402R-00811,DABBINGTON LLC,DABBINGTON,Retail Marijuana Store,Log Lane Village,80705,2020-12-01
402R-00810,RIFLE REMEDIES LLC,GREEN CROSS RIFLE,Retail Marijuana Store,Rifle,81650,2020-12-01
402R-00807,JW COLORADO LLC,TWEEDLEAF,Retail Marijuana Store,Denver,80221,2020-12-01
402R-00813,THE ORGANIC SEED LLC,CANNASSEUR,Retail Marijuana Store,Pueblo,81003,2020-12-01
402R-00814,GREEN CROSS LLC ,GREEN CROSS OF CHERRY CREEK,Retail Marijuana Store,Denver,80224,2020-12-01
402R-00816,SILVERPEAK CORP,,Retail Marijuana Store,Louisville,80027,2020-12-01
402R-00817,SISTEM COMMERCE CITY LLC,SILVER STEM FINE CANNABIS,Retail Marijuana Store,Commerce City,80022,2020-12-01
402R-00815,TELLURIDE GREEN ROOM LLC,NATURITA GREEN ROOM,Retail Marijuana Store,Naturita,81422,2020-12-01
402R-00818,MOUNTAIN VIEW 44TH LLC,STARBUDS,Retail Marijuana Store,Mountain View,80212,2020-12-01
402R-00821,MAGNOLIA ROAD INC,SUGARLOAF DISPENSARY,Retail Marijuana Store,Trinidad,81082,2020-12-01
402R-00822,COLORADO DISTRIBUTING LLC,THE DISPO,Retail Marijuana Store,Pueblo West,81007,2020-12-01
402R-00825,SOUTHWEST TRADING CORP,ROCKY MOUNTAIN CANNABIS,Retail Marijuana Store,Naturita,81422,2020-12-01
402R-00824,BG3 INVESTMENTS LLC,DRIFT,Retail Marijuana Store,Boulder,80303,2020-12-01
402R-00826,HHCB LLC,HARVEST HOUSE CRESTED BUTTE,Retail Marijuana Store,Crested Butte,81224,2020-12-01
402R-00827,IGADI LTD,IGADI,Retail Marijuana Store,Louisville,80027,2020-12-01
402R-00829,JWJ INC,THE GREEN HOUSE DURANGO,Retail Marijuana Store,Durango,81301,2020-12-01
402R-00831,EXIT 243 LLC ,DISPENSARY EXIT 243,Retail Marijuana Store,Idaho Springs,80452,2020-12-01
402R-00832,HQ MAMMOTH LLC,High Q Snowmass Village,Retail Marijuana Store,Snowmass Village,81615,2020-12-01
402R-00830,CHETTY CONSULTING LLC,WILD WILD WEED,Retail Marijuana Store,Las Animas,81054,2020-12-01
402R-00828,NUVUE PHARMA LLC,,Retail Marijuana Store,Gunnison,81230,2020-12-01
402R-00835,THE CANNABIS DEPOT III LLC,,Retail Marijuana Store,Pueblo,81008,2020-12-01
402R-00837,WLCO LLC,THE REPUBLIC,Retail Marijuana Store,Boulder,80303,2020-12-01
402R-00838,IGADI LTD,IGADI,Retail Marijuana Store,Granby,80446,2020-12-01
402R-00839,ROCKYS BEST LLC,,Retail Marijuana Store,Rocky Ford,81067,2020-12-01
402R-00836,YUMA WAY LLC,CANNA CITY ,Retail Marijuana Store,Commerce City,80022,2020-12-01
402R-00846,OG MEDICINALS LLC,,Retail Marijuana Store,Denver,80239,2020-12-01
402R-00841,MESA ORGANICS IV LTD,SCHWAZZE,Retail Marijuana Store,Las Animas,81054,2020-12-01
402R-00842,C1B TRUE ORGANICS LLC,,Retail Marijuana Store,Walsenburg,81089,2020-12-01
402R-00843,NUVUE PHARMA LLC,,Retail Marijuana Store,Pueblo,81006,2020-12-01
402R-00849,MC2 BOULDER LLC,MARQUIS CANNABIS ,Retail Marijuana Store,Boulder,80302,2020-12-01
402R-00848,BETTER GREEN LLC,,Retail Marijuana Store,Las Animas,81054,2020-12-01
402R-00840,DOWN VALLEY HYH LLC,GOODPEOPLE LLC,Retail Marijuana Store,Basalt,81621,2020-12-01
402R-00853,KIND NEDERLAND LLC,THE KIND CASTLE ,Retail Marijuana Store,Nederland,80466,2020-12-01
402R-00854,KIND BAILEY LLC,THE KIND CASTLE,Retail Marijuana Store,Bailey,80421,2020-12-01
402R-00855,KIND GLENWOOD LLC ,THE KIND CASTLE ,Retail Marijuana Store,Glenwood Springs,81601,2020-12-01
402R-00852,KIND CRAIG LLC,THE KIND CASTLE,Retail Marijuana Store,Craig,81625,2020-12-01
402R-00847,5 EYED JACK LLC,,Retail Marijuana Store,Louisville,80027,2020-12-01
402R-00850,GLENWOOD SPRINGS INVESTMENTS LLC,THE DISPENSARY GLENWOOD SPRINGS,Retail Marijuana Store,Glenwood Springs,81601,2020-12-01
402R-00851,LIGHTSHADE LABS LLC,LIGHTSHADE,Retail Marijuana Store,Denver,80239,2020-12-01
402R-00856,CRAIG CANNABIS INC ,ROCKY MOUNTAIN CANNABIS,Retail Marijuana Store,Craig,81625,2020-12-01
402R-00857,GM 4401 LLC,GOLDEN MEDS,Retail Marijuana Store,Denver,80212,2020-12-01
402R-00858,PHOENIX CORP,,Retail Marijuana Store,Denver,80204,2020-12-01
402R-00860,8058 LLC,MIGHTY TREE,Retail Marijuana Store,Denver,80211,2020-12-01
402R-00861,GM BRYANT LLC ,GOLDEN MEDS ,Retail Marijuana Store,Denver,80204,2020-12-01
402R-00862,HIGH PLAINZ STRAINS III LLC,,Retail Marijuana Store,Sedgwick,80749,2020-12-01
402R-00863,BOULDER TREATMENTS LLC,THE FARM EXPRESS,Retail Marijuana Store,Boulder,80303,2020-12-01
402R-00864,PEAK NORTH HOLDINGS GROUP LLC,PEAK DISPENSARY,Retail Marijuana Store,Sedgwick,80749,2020-12-01
402R-00866,GOWER HADLEY ENTERPRISES LLC,HONEY BEAR APOTHECARY,Retail Marijuana Store,Craig,81625,2020-12-01
402R-00865,TUMBLEWEED EAGLE LLC,,Retail Marijuana Store,Eagle,81631,2020-12-01
402R-00868,MWCS LLC,,Retail Marijuana Store,Hayden,81639,2020-12-01
402R-00867,KIND EATERY LLC,THE KIND CASTLE ,Retail Marijuana Store,Craig,81625,2020-12-01
402R-00870,MAGGIES FARM LLC,MAGGIE'S FARM,Retail Marijuana Store,Las Animas,81054,2020-12-01
402R-00869,PHYSICIAN PREFERRED PRODUCTS LLC,DOCS APOTHECARY,Retail Marijuana Store,Denver,80216,2020-12-01
402R-00871,BROW 1 LLC,XCLUSIVE CANNABIS,Retail Marijuana Store,Denver,80207,2020-12-01
402R-00872,GREEN GARDENS LLC,GREEN FIELDS,Retail Marijuana Store,Denver,80223,2020-12-01
402R-00875,KIND COMMERCE LLC,THE KIND CASTLE,Retail Marijuana Store,Commerce City,80022,2020-12-01
402R-00876,TUMBLEWEED CRAIG LLC,,Retail Marijuana Store,Craig,81625,2020-12-01
402R-00882,A&B HOLDINGS LLC,PURE FIRE CANNABIS,Retail Marijuana Store,Gunnison,81230,2020-12-01
402R-00877,AGRICULTURAL ADVANTAGES LLC,LUCKY MONKEY BUDS II,Retail Marijuana Store,Las Animas,81054,2020-12-01
402R-00883,KIND GUNNISON LLC,THE KIND CASTLE MARIJUANA SUPERSTORE,Retail Marijuana Store,Gunnison,81230,2020-12-01
402R-00887,GM 2280 LLC,GOLDEN MEDS,Retail Marijuana Store,Denver,80231,2020-12-01
402R-00879,STEM BEACH DISPENSARY LLC,DOCTORS ORDERS,Retail Marijuana Store,Pueblo,81004,2020-12-01
402R-00885,ELEVATIONS 7888 LLC,7884,Retail Marijuana Store,Antonito,81120,2020-12-01
402R-00880,HIGH WAYS CO LLC,,Retail Marijuana Store,Craig,81625,2020-12-01
402R-00888,KIND COLONA LLC,THE KIND CASTLE,Retail Marijuana Store,Montrose,81403,2020-12-01
402R-00884,STATION 2 LLC,,Retail Marijuana Store,Denver,80210,2020-12-01